{"means":[-4.966590404510498,3.0261757373809814,-1.176741123199463,0.7547889947891235,-0.5095165371894836,0.3071247339248657,-0.21723105013370514,0.11813309043645859,-0.09710340946912766,0.050484463572502136,-0.032655008137226105,0.018756402656435966,-0.010169637389481068,0.813249409198761,0.5164204239845276,0.3265547752380371,0.2089913785457611,0.14645031094551086,0.10677452385425568,0.0796855241060257,0.06105955317616463,0.047360409051179886,0.035946618765592575,0.028110461309552193,0.020711112767457962,0.012435860000550747,397.2678527832031,58.55793762207031,0.08797970414161682,0.6896761059761047,3.3809351921081543,0.3326459228992462],"stds":[1.76498281955719,1.5443044900894165,0.9129650592803955,0.6890761852264404,0.5254499912261963,0.3930916488170624,0.3014445900917053,0.24003899097442627,0.18825913965702057,0.14441610872745514,0.11712083220481873,0.09223097562789917,0.07274852693080902,0.3882026970386505,0.2697860300540924,0.1887485533952713,0.14343610405921936,0.11178800463676453,0.08281522244215012,0.061288367956876755,0.04911421611905098,0.03848018869757652,0.029536942020058632,0.022446325048804283,0.016098877415060997,0.011061941273510456,100.88622283935547,28.25939178466797,0.04317078739404678,0.30345168709754944,2.152329444885254,0.17056533694267273]}